job_position_id,position_name,job_family_id,parent_id
71,Bank Account,13,
1035,Tutor OIC,14,
816,Waqf Asset Management,15,
80,Direktur,18,
32,Catering Staff,4,
23,Direktur,18,
90,Content Officer,16,1184
813,Report Analyst,10,811
1483,Account Executive Sales,16,65
72,Direktur Utama,18,
93,Information System Department Head,18,
809,Project Monev Department Head,10,807
877,Finance Analyst,7,
885,Dewan Pengawas Syariah,18,
339,Penanggungjawab Farmasi,26,
36,Delivery Staff & Production,4,
73,Komisaris,18,
86,Accounting,13,
89,Cash & Bank,13,
91,Data & Report Management,4,
113,Facilitator Management Division Head,15,
332,General Affair of Branch,21,
102,House Hold,4,
12,Platinum Squad,4,
269,UI/UX Design,4,
115,Security,4,
116,Society Development Officer,15,
111,Socioenterprise & Economic Empowerment Department Head,15,
69,Hapus 1,2,
320,Direktur,18,
1485,Academic Head,10,1444
1484,Security,4,880
13,Director,18,
1481,Public Relation & Project Manager,10,1444
65,Sales Officer,16,
671,System and Compliance Bureau,18,670
1010,Scholarship,10,980
1009,Scholarship Program Department Head,10,799
805,Scholarship Admin,10,980
804,Scholarship and Customize Program Department Head,10,799
209,Digital News,9,
95,Direktur ,18,
1482,Riset,7,
271,Freelance Campaign Specialist,9,
79,Development System,13,
1487,Household,4,219
872,Social Services   Department Head,10,799
762,Recruitment & Engagement,12,761
675,Risk Management,18,1014
710,Touchpoint Quality & Inspection,17,708
1489,School Psychologist,7,386
1490,Junior IT Document Analyst,6,1129
787,Program Development & Analyst Division Head,7,814
27,Business Analyst,7,
1491,Konsultan,24,173
867,UI UX Designer,6,888
1488,Engineer Manager,6,282
59,Production Admin Officer,4,
732,Strategic & Global Support,4,1126
1479,Direktur,7,
1492,CRM Officer,16,314
995,Volunteer Officer,10,1125
939,Corporate Strategy Division Head,7,670
25,Business Analyst Dept. Head,7,
74,Finance Dept. Head,13,
1494,Campaigner,16,320
1493,PJS Kepala Sekolah,14,1073
168,Office Boy,4,168
1501,Perawat Pelaksana Instalasi Gawat Darurat,,
174,Finance & Operasional Dept. Head,23,
149,Online Offline Marketing,16,
229,Financing Department Head,13,
1502,Perawat Pelaksana Rawat Inap Dewasa Lt 5,,
1503,Perawat Pelaksana Rawat Inap Dewasa Lt 5,,
141,Bussines Dept Head,9,
205,CEO Office,18,
1504,Dokter Jaga  IGD dan Ruangan,,
201,Project Manager,10,
234,Legal Department Head,19,
204,Multimedia & Broadcasting Dept Head,9,
211,Video Editor,9,
121,Business Development,7,
221,Pjs. Pemimpin Redaksi,18,
222,Pjs. Production & Infrastruktur Div Head,9,
224,Programming & Production Div. Head,9,
151,Rentcar Management,9,
1505,Staf Admission,,
123,Cashier dan Waiters,13,
226,Motion Graphic,9,226
1506,Perawat Pelaksana Instalasi Gawat Darurat,,
210,Driver ,4,
182,Program Development Head,9,
212,News Editor,9,208
227,Direktur Utama,18,
202,Creative Support,9,202
242,Front End Developer,6,
154,Cashier and Admin,13,
1507,Koki Gizi,,
206,Content Production Dept. Head,9,
207,Digital Optimation,16,
146,Marketing Dept Head,5,
273,Campaign Visual & Video Editor,9,
1495,Digital Communication,16,320
1498,Claim,,
1133,household,4,71
1499,Radiografer,,
1500,Marketing Eksternal & Customer Relation Coordinator,,
263,Project Dept. Head,10,
216,LIbrary & Tech,9,204
1508,Perawat Pelaksana Rawat Inap Dewasa Lt 5,,
1509,Staf Laundry,,
1510,Analis Laboratorium,,
330,Finance Officer,13,
235,Kolektor,4,
233,Sharia Advisor,19,
1511,Bidan Pelaksana Ruang Nifas,,
127,Finance CTI,13,127
694,Event Organizer,16,692
133,Operational Dept Head,23,
122,Cashier,4,
1512,Perawat Pj Shift Perinatologi/NICU,,
124,Direktur,18,
1513,Perawat Pelaksana Rawat Inap Anak Lt 6,,
1514,Perawat Pelaksana Instalasi Gawat Darurat,,
197,Sales online,16,
1515,Driver Direksi,,
140,Building Management,4,
335,Human Resources,12,337
1516,Perawat Pelaksana Rawat Inap Dewasa Lt 5,,
130,Konsultan,18,
153,Tour Travel Management & GA,9,
172,Desainer Multimedia,5,
150,Ops Dept Head,23,
674,Sharia Compliance,18,968
120,Barista/koor,9,
315,Budget Control,13,330
1017,Program & Project Management,10,320
105,Monev,10,
1864,Analis Laboratorium,,
319,Dewan Pembina,,
240,Digital Marketing,16,239
1496,Graphic Designer,16,320
1517,Kepala Unit Gizi,,
1518,Bidan Pelaksana Kamar Bersalin,,
1519,Analis Laboratorium,,
1520,Perawat Pelaksana Poliklinik,,
1521,Driver Ambulance,,
348,Security,4,316
1522,Perawat Pelaksana ICU/HCU/PICU,,
1523,Design Grafis,,
1138,Dokter Spesialis Rehab Medik,2,
327,Driver,4,
1524,Perawat Pelaksana ICU/HCU/PICU,,
217,News Video,9,
246,Brand Activation Dept Head,16,
1525,Manajer IT,,
220,Pjs. Bussiness & Marketing Dept Head,16,
1526,Perawat Pelaksana IBS,,
232,Commisioner,18,
1527,Bendahara Pusat,,
228,Database Management,4,
239,Digital Marketing Dept Head,16,
1528,Staf Admission,,
1529,Perawat Pelaksana,,
1530,Perawat Pelaksana IBS,,
1531,Koord. IPCN,,
1532,Kepala Ruangan Rawat Inap Anak lt.6,,
1862,Kepala Unit Gizi,,
687,Legal Department Head,19,684
1863,Bidan Pelaksana Kamar Bersalin,,
720,Data Support,4,718
1865,Perawat Pelaksana Poliklinik,,
1866,Driver Ambulance,,
1867,Perawat Pelaksana ICU/HCU/PICU,,
1868,Design Grafis,,
1869,Perawat Pelaksana ICU/HCU/PICU,,
1870,Manajer IT,,
1871,Bendahara Pusat,,
1872,Staf Admission,,
1873,Perawat Pelaksana,,
1874,Perawat Pelaksana IBS,,
727,Online Fundraising Department Head,5,739
678,Researcher,7,677
323,Dokter Penanggung Jawab Operasional,26,316
713,Customer Database Validation,17,711
275,General Admin,4,
714,Report Controller,17,711
736,Crowdfunding Officer,5,735
277,Digital Advertiser,11,276
325,Dokter Spesialis Gigi,26,
253,Data Centre & Sosmed Officer,4,
322,Dokter Penanggung Jawab Klinik,26,
709,Touchpoint Quality & Inspection,17,708
1134,Program Sustainability & Improvement,7,791
1145,Perawat,2,165
1136,Corporate Partnership Support,4,1403
691,General Support & Budget Control,13,690
717,Teleservices Agent,17,716
686,Stakeholder Data Report,18,958
200,Drafter ,9,
187,Relationship Management ,5,
199,Logistik ,4,
274,Front End Developer,6,
307,Security,4,
730,Ziswaf Online Consultant 3,5,729
303,IT Development,5,
690,Brand Management Division Head,16,689
1533,Staf Laundry,,
328,Driver Rumah Singgah,4,343
1534,Analis Laboratorium,,
1535,Staf Laundry,,
759,Operational Bank Account,13,752
1156,Bank Account,4,
67,SPV Distributor,16,
1536,Perawat Pelaksana Rawat Inap Dewasa Lt 5,,
756,Finance Supporting,13,752
1537,TTK Pelayanan,,
757,Funding Bank Account,13,752
1538,Ka. Ruangan Instalasi Bedah Sentral & CSSD,,
704,Inbound Leader,17,
305,Digital Funding Dept Head,5,1102
679,Innovation Development,7,677
808,Project Admin,10,807
815,Waqf Development Department Head,7,
1149,Crowd Funding,5,1118
1078,Admin Program,10,1073
789,Program Data Optimation Officer,10,788
706,Outbound Leader,17,
1539,Duty Manager,,
1540,Duty Manager,,
1072,Direktur,14,
773,General Support,4,766
1541,Driver  Operational,,
1542,Staff IPSRS PJ LISTRIK,,
1543,Terapis Gigi & Mulut,,
1544,Staf SDM,,
1146,Fisioterapis,2,
788,Program Data Optimation Department Head,10,787
1080,Accounting and Cash & Bank,13,1075
1077,Monev & Report,10,1073
692,Brand Activation Department Head,16,690
1545,Perekam Medis,,
1075,Finance Dept Head,10,1072
738,Government Partnership,5,731
355,Finance Department Head,13,
64,Production Information Sysytem,18,
300,Digital advertising,16,
1076,Quality Assurance,18,1073
677,Business Analyst Department Head,7,676
693,KOL & Media Specialist,16,692
761,People Operation Department Head,12,953
769,Asset Management,4,766
1546,Staf Rekrutmen & Diklat,,
1547,TTK Pelayanan,,
1875,Koord. IPCN,,
752,Finance Department Head,13,748
1497,Relationship Management,16,320
790,Program Designer,10,788
750,Accounting,13,749
1166,Ketua Dewan Pengawas,18,824
764,Learning Production & Organizer,12,953
689,Chief Marketing Officer,11,670
191,Report Management,4,
766,Internal Affair & Asset Management Department,4,969
697,Multimedia Officer,16,695
356,General Affair & Aset Managemen,4,367
725,Online Fundraising Leader 1,5,1105
310,Ambulance Support,4,
728,Ziswaf Online Consultant,5,727
230,Remedial Department Head,19,
296,UI/UX,6,
1086,Household,22,
758,Funding Bank Account Leader,13,752
379,Report Admin,4,380
380,Marketing Department Head,16,374
366,Learning Support Unit,14,365
1160,Creative Support,9,218
387,Security,4,356
326,Dokter Umum,26,
1089,Guru Wali Kelas,14,1087
765,Compensation & Benefit,12,761
746,Funding Manager,5,898
768,Filling and Disbursment,4,969
556,Ahli Gizi,,
557,Analis Laboratorium,,
558,Apoteker,,
559,Apoteker Penanggung Jawab Pasien,,
561,Bidan Kamar Bersalin,,
562,Bidan Poliklinik,,
563,Bidan Rawat Inap Nifas,,
564,Bidan Ruangan Nifas,,
1081,Human Resource,12,1074
1141,Dokter Akupunktur,2,
1548,Perawat Pelaksana Poliklinik,,
574,Dokter IGD,,
577,Fisioterapis,,
578,IPCN & CI,,
583,Ka. Div Yanjangmed,,
584,Ka. Instalasi Farmasi,,
585,Ka. Ruang Poliklinik (Pjs),,
586,Ka. Ruangan ICU (Pjs),,
587,Ka. Ruangan IGD (Pjs),,
588,Ka. Ruangan Instalasi Bedah Sentral,,
589,Ka. Ruangan Irna Umum lt 6,,
590,Ka. Ruangan Kamar Bersalin,,
591,Ka. Ruangan Perinatologi,,
592,Ka. Ruangan Rawat Inap Anak,,
593,Ka. Ruangan Rawat Inap Nifas,,
594,Ka. Ruangan Rawat Inap Umum,,
1549,Perawat Pelaksana Rawat Inap Dewasa Lt 5,,
1550,Bidan Pelaksana Kamar Bersalin,,
595,Ka. Unit Gizi,,
596,Ka. Unit Laboratorium,,
597,Ka. Unit Laundry,,
598,Ka. Unit Radiografer,,
599,Ka. Unit Rehab Medik,,
600,Ka. Unit Rekam Medik,,
602,Ka.Div Keperawatan,,
606,Komisaris,,
607,Komisaris Utama,,
608,Koord. Kesling,,
1073,Education Program Dept Head,10,1072
1551,Co-Teach Daycare,,
1552,Perawat Pelaksana Rawat Inap Dewasa Lt 5,,
772,Warehouse,4,766
1148,PIC DJP,5,1131
1553,Driver Ambulance,,
1554,Perawat Hemodialisis,,
1555,Driver Ambulance,,
1157,Budget Control,4,1154
1151,Direktur Klinik,2,1056
372,Wakil Kepala Sekolah Bidang Kesiswaan,14,365
800,Social Services,10,872
1140,Dokter Gigi,2,
820,Copywriter,9,
1158,PIC Pelindo,10,810
779,IT Support,6,887
742,Customer Relations Support,4,702
384,Scholarship Management Monev,10,381
716,Teleservices Department Head,17,702
781,Technical Support,6,777
373,Wakil Kepala Sekolah Bidang Kurikulum,14,365
1155,OB,24,
609,Office Man,,
610,Pembina Rohani RS,,
611,Perawat ICU,,
612,Perawat IGD,,
613,Perawat Instalasi Bedah Sentral,,
1085,Security,4,
555,Admin Rekam Medis,4,
560,Bendahara Utama,13,
565,Billing,13,
580,Ka. Div Keuangan,13,
581,Ka. Div SDM & Diklat,12,
582,Ka. Div Umum,4,
601,Ka.Div IT & Pusat Data,6,
603,Kasir,13,
604,Kepala Kasir,13,
605,Koki,9,
614,Perawat Irna Umum lt 2,,
615,Perawat Irna Umum lt 5,,
616,Perawat Irna Umum lt 6,,
617,Perawat Pelaksana IGD,,
618,Perawat Perinatologi,,
619,Perawat Poli Vaksin,,
620,Perawat Poli Vaksin dan Homecare,,
621,Perawat Poliklinik,,
622,Perawat Rawat Inap Anak,,
623,Perawat Rawat Inap Nifas,,
624,Perawat Rawat Inap Umum,,
625,Perawat Rawat Inap Umum Lt. 6,,
626,Perekam Medis,,
627,Petugas Ahli Gizi,,
628,Petugas CSSD,,
629,Petugas Fisioterapi,,
630,Petugas Radiografer,,
631,Petugas Terapi Wicara,,
350,Budget Control,13,355
640,Staf Casemic,,
641,Staf Diklat,,
643,Staf IPSRS,,
798,Proposal Support,10,795
649,Tenaga Teknis Kefarmasian,,
1091,Bimbingan Konseling,14,1087
828,PIC Ash Shaff,4,743
831,PIC RSKP Pekalongan,4,1187
1556,Perawat Pelaksana IBS,,
1557,Perawat Hemodialisis,,
1558,Manajer Pengadaan & Manajemen Aset,,
1142,Dokter Spesialis Saraf,2,
1559,Kasir,,
657,Digital Relation,10,381
1560,Driver  Operational,,
663,Hapus,2,
834,Operational Manager,13,
632,Pramusaji,17,
644,Staf IT,6,
633,Staf Accounting & Anggaran Rutin,13,
634,Staf Admin Logistik,4,
635,Staf Administrasi Umum & Pengadaan,4,
662,Customer Compliance,17,386
1561,Office Man & Gardener,,
636,Staf Admission,17,
63,Production Head,9,
1562,Marketing Dept. Head PT,,
1563,Konsultan Alat Medis,,
1084,Creative Design & Brand Officer,6,1072
749,Accounting Department Head,13,748
1564,Staff IPSRS Ass Kesling,,
797,Proposal Development,10,795
301,Direktur ,18,
666,Procurement,4,
796,Customize Program,10,795
832,Program Issue & Analyst,7,791
825,Konsultan,18,670
667,Cashier & HR,13,
331,General Affair & Assets Management,4,
119,Administrasi Project,4,
673,Auditor,13,1414
637,Staf Billing dan Piutang,13,
638,Staf Cafetaria,17,
826,Online Fundraising Data Support,5,721
803,Waqf Implementation,15,
1574,Perawat Pelaksana Rawat Inap Nifas,,
849,customer service,5,
1575,Perawat Pelaksana Perinatologi/NICU,,
1576,Bidan Pelaksana Poliklinik,,
1577,Apoteker Penanggung Jawab Pasien,,
859,Arsitek,9,
791,Research & Program Development Department Head,7,787
1143,Dokter Spesialis Penyakit Dalam,2,
847,Tata Usaha & Finance,13,
1578,Petugas CSSD,,
125,Direktur Utama,18,
833,Program Officer,12,
840,Guru Bidang Studi,14,
1579,Nursing Dept. Head,,
1580,Bidan PJ Shift Kamar Bersalin,,
851,Admin Apoteker,4,
898,Area Manager Jawa Barat,5,1105
1581,Terapis Gigi & Mulut,,
1884,Duty Manager,,
1565,Marketing Div. Head,,
811,Report Management Department Head,10,807
913,Relationship Management Leader,5,1126
852,Apoteker,2,
1582,Radiografer,,
1082,General Affair,4,1074
1566,Perawat Pelaksana Instalasi Gawat Darurat,,
1567,Perawat Pelaksana Instalasi Gawat Darurat,,
1568,Kasir,,
838,Kepala Sekolah,14,
1569,Bidan Pelaksana Kamar Bersalin,,
1570,Perawat Pelaksana Instalasi Gawat Darurat,,
1571,TTK Pelayanan,,
1572,Perawat Pelaksana Rawat Inap Nifas,,
850,Design Grafis Officer,16,
843,Pimpinan Pondok Pesanten,14,
189,Relationship Management Manager,5,
97,Education Champion Program Dept Head,15,
1096,Panitia Ramadhan,2,670
1097,Panitia Superqurban,2,670
188,Relationship Management Div Head ,5,
1573,Perawat Pelaksana Rawat Inap Dewasa Lt 5,,
1583,Analis Laboratorium,,
1584,Staf Admission,,
841,Driver,4,
844,Wakil Pimpinan Pondok Pesantren,14,
1585,Dokter Spesialis Mata,,
905,Program Data Support Temporary,10,788
897,Area Manager Jawa,5,739
910,Data Management,7,680
1586,Pembina Rohani RS,,
1587,House Hold-Daycare,,
1588,Driver  Operational,,
1885,Driver  Operational,,
1589,Staff IPSRS PJ SIPIL,,
1886,Staff IPSRS PJ LISTRIK,,
184,Program Implementation Head,9,
858,Social Media Activation,16,
391,Wakil Kepala Sekolah,14,365
760,Human Capital Management & General Affair Division Head,12,
1099,Asisten Dokter Gigi,5,1046
871,Program Collaboration,10,872
869,Operational Management,23,
842,Wakil Kepala Sekolah Bidang Sarana & Prasarana,14,
4,Head of Learning and Development,12,6
907,Waqf Data and Report,4,
896,Area Manager Sumatera,5,1104
66,Security,4,
1592,Bidan Pelaksana Ruang Nifas,,
916,Operation Manager Jakarta Raya,4,
139,Accounting & HR,21,
1593,Perawat Pelaksana Rawat Inap Nifas,,
148,Office Boy,9,
1594,Perawat Pelaksana Instalasi Gawat Darurat,,
882,Account Officer,7,
1144,Dokter Spesialis Anak,2,
1595,Pramusaji,,
1596,PMO (Patien Management Officer) Eksekutif,,
1597,Staf Laundry,,
1598,Perawat Pelaksana Instalasi Gawat Darurat,,
1599,Staff IPSRS PJ ALKES,,
1600,Staf Laundry,,
1601,Staf Marketing Internal,,
1602,Admin Radiologi,,
1101,Dewan Pembina,2,1101
915,Operation & Retail Manager Jakarta Raya,5,731
887,IT Operation & Infrastructure Department Head,6,777
1603,Perawat Pelaksana,,
1604,Manajer Penunjang Medis,,
1605,Staf Call Center,,
144,Driver,9,
1606,Marketing Eksternal & Customer Relation Coordinator,,
1607,Perawat Pelaksana Rawat Inap Dewasa Lt 5,,
1608,Staf Keuangan,,
1609,Kepala Ruangan Rawat Inap Nifas,,
1610,Perawat Pelaksana Rawat Inap Dewasa Lt 5,,
306,Program Officer,10,
743,Branch Manager,5,896
1590,Perawat Pelaksana Rawat Inap Anak Lt 6,,
1591,Staf Call Center,,
1611,Perawat Pelaksana Rawat Inap Dewasa Lt 5,,
771,Procurement Department Head,4,969
1612,Analis Laboratorium,,
1613,Bidan PJ Shift Ruangan Nifas,,
924,Ticketing Officer,9,
937,Customer Relation,17,
1614,Perawat Pj Shift Rawat Inap Dewasa lt 5,,
1615,Perawat Pelaksana Perinatologi/NICU,,
1616,Koki Gizi,,
1617,Staf IT Support,,
1618,Kepala Ruangan Instalasi Gawat Darurat,,
908,Marketing Communication Dept Head,5,
1619,Staf Keuangan,,
203,Building Management ,4,
1620,Kepala Instalasi Farmasi,,
884,Komisaris,7,
1621,Office Man & Gardener,,
1622,TTK Pelayanan,,
1623,Perekam Medis,,
1624,Perawat Pj Shift ICU/HCU/PICU,,
923,BPKH Project Report,10,917
208,News Dept,9,
911,Financial Report Project Admin,13,783
85,Tax Officer,13,81
723,Global Partnership Consultant,5,993
894,Product Manager,9,890
888,IT Product Development Department Head,6,777
895,Mobile Apps Developer,6,888
298,Conten Writer,5,
917,BPKH Management Department Head,10,814
143,Direktur,4,
874,Sicoal Enterprise Officer,15,
302,Finance & Operasional Officer,23,
881,Internal Audit,7,
1631,Duty Manager,,
870,Branch Monev,10,
688,Legal Officer,19,687
1632,TTK Pelayanan,,
1633,Radiografer,,
1634,Bidan PJ Shift Ruangan Nifas,,
919,Financial Report Project Admin v,13,783
922,Freelance non guru,3,
1635,Admin Laboratorium,,
244,Graphic Designer,16,243
1636,Perawat PJ Shift IBS,,
1637,Kasir,,
928,Business Improvement,7,677
1638,Perawat Pelaksana Rawat Inap Nifas,,
100,Finance Of Program,13,
873,Product Development Officer,7,
108,Program Executor,10,
934,Kawan Dagang SPV,9,
109,Program Head,10,
237,Content Writer ,16,238
225,Facility & Tech,4,
92,Social Impact Management Department Head,15,
935,Market Research,7,
218,Produser ,9,
1625,Perawat Pelaksana,,
729,Online Fundraising Leader 3,5,1105
959,Protocoler Department Head,18,685
1626,Ahli Gizi MSPM,,
1627,Bidan Pelaksana Kamar Bersalin,,
792,Research & Program Publication,7,791
1628,Perawat Pj Shift ICU/HCU/PICU,,
1629,Ka. Divisi IT,,
1630,Pramusaji,,
1639,Perawat Pelaksana Poliklinik,,
1640,Fisioterapis,,
1641,Apoteker Penanggung Jawab Pasien,,
1642,Animator,,
1643,Satuan Pengawasan Internal (SPI),,
1644,Perawat Pelaksana ICU/HCU/PICU,,
952,Human Resource Dept.Head,12,
1645,General Affair Div. Head,,
1646,Perawat Pelaksana Rawat Inap Dewasa Lt 5,,
1647,TTK Pelayanan,,
297,Conten Creator,5,
94,Development Officer,7,
656,Equipment & Logistic Officer,4,
718,Fundraising Information System Department Head,5,689
1108,Customer Analysis,17,702
925,Development System Head,13,
770,Inventory,4,766
921,Marketing Communication,16,
971,Procurement & Distribution,4,771
970,Procurement & Distribution,4,771
1105,Regional II Division Head,5,689
975,Customer Loyalty Program,17,711
980,Scholarship Program  Department Head,10,799
739,Branch & Area Relations Division Head,5,689
1104,Regional I Division Head,5,689
1107,Email WA & Apps Marketing,16,1396
932,Hapus 3,2,
375,Data & Innovation Dept Head,7,374
8,Learning Organizer ,12,9
261,Humanitarian Respon Dept. Head,10,
940,Document Engineer,6,887
741,BA & Operation and Data Support I,4,1104
926,Multimedia Officer,16,1184
968,Compliance Division Head,18,747
383,Scholarship Management Cabang,10,381
941,Komandan Regu,9,
986,Education Empowerment Department Head,15,985
1650,Staf IPSRS ADM & Mekanikal,,
945,Direktur Bisnis,7,
1048,Corporate Secretary,4,
969,General Affair & Asset Management Division Head,4,747
740,BA & Operation and Data Support,4,739
1039,Direktur,18,
958,Governance & Stakeholder Department Head,18,684
190,Report Design,16,
1118,Sosial Enterprise Department,5,95
1651,Staf Call Center,,
997,Logistic Officer,4,1030
1116,Local Heroes Enggagement,10,1111
1114,Sustainablity Report,10,1185
1008,Sysdev & Customer Relationship,18,
795,Proposal Management Department Head,10,787
1006,Program Implementator,10,983
1652,Pramusaji,,
1044,Marketing Communication Officer,16,
1653,Perawat PJ Shift Intalasi Gawat Darurat,,
1654,Kasir,,
1655,Staf IPSRS AC & APAR,,
1123,Content Officer,16,1121
1648,Kepala Ruangan Unit perawatan perinatologi/NICU,,
1649,Staf Call Center,,
1026,BPKH Project Monev,10,917
1656,Perawat Pelaksana Rawat Inap Anak Lt 6,,
1657,Perawat Pelaksana IBS,,
1658,Perawat Pelaksana,,
368,PIC Islamic Relief,10,363
1045,Program Finance Departement Head,13,
1659,Staf Marketing Internal,,
1004,Program Implementator,10,983
1037,PIC Islamic Relief,10,810
984,Ambulance Admin,10,982
1121,Training & Development,16,95
1122,Customize Enterprise Officer,5,1118
948,Analis Kesehatan,26,
961,Driver,4,
1660,Perawat Pelaksana Poliklinik,,
1661,Bidan PJ Shift Kamar Bersalin,,
1020,Clinic Leader,18,
1106,Email Marketing,17,703
920,Distribution Fund Admin,13,783
1115,Monev Officer Area 1,10,1111
1033,Direktur Pengembangan & Kemandirian,7,
947,Internal Audit Dept Head,13,
1109,Networking Partnership,5,860
1662,Kepala Ruangan Kamar Bersalin,,
1027,Data Analys,5,
1047,Funding,5,
1120,Ruminant Enterprise Officer,5,1118
946,Cash & Bank Account,23,
996,Recovery Management,10,994
988,Health & Environment Department Head,15,985
972,BPKH Proposal Development,10,917
1043,PIC Borneo Indobara,10,810
994,Disaster Management Department Head,10,992
1036,Project Coordinator OIC,10,
1119,Program Development,10,1185
1040,Video Audio Editor,9,204
1029,Finance Officer,13,99
1015,Creative Report Design,10,811
998,Response Management,10,994
175,Finance & Operational,23,
1032,Direktur,18,
1041,Content & Sosmed Management,9,
1127,Corporate Partnership Manager,5,1403
1669,Perawat Pelaksana ICU/HCU/PICU,,
1131,Representative Manager,3,1131
1051,Monev & Report Officer,10,1050
1065,Human Resource Dept Head,12,
1014,System & Risk Management Department Head,18,968
942,Supervisor CS,9,
152,Security,9,
1663,TTK Pelayanan,,
943,Leader CS,9,
786,Chief Program Officer,15,689
1124,Multimedia Officer,16,1121
1069,Pjs CEO,18,
1070,Multimedia Support,9,204
1058,Konsultan,2,
1664,Perawat Pelaksana Rawat Inap Nifas,,
944,Cleaning Service,9,
751,Budget Control,13,749
1061,PJs. Direktur,2,
1665,Perawat Pelaksana Poliklinik,,
753,Cash Account,13,752
819,Chief Wakaf Officer,15,
1666,Digital Multimedia Production,,
1053,Komisaris,18,
52,Budget Control,13,
1667,Bidan PJ Shift Kamar Bersalin,,
1668,Perawat Pj Shift Rawat Inap Dewasa lt 5,,
37,Database Management Departement Head,18,
1117,Relawan Inspirasi Management,10,1111
1670,Perawat Pelaksana IBS,,
1671,PMO (Patien Management Officer) Eksekutif,,
30,E Commerce Spesialist,16,
1672,Kepala Unit Laundry,,
1673,Koki Gizi,,
1060,PJs. Project Department,10,
953,People & Culture Division Head,12,747
56,Marketing Communication Departement Head,16,
978,Priority Service,5,976
793,Program & Issue Analyst,7,791
1071,Operational,4,6
1674,Staf Call Center,,
1054,None,2,
1675,Terapis Gigi & Mulut,,
1676,Bidan Pelaksana Poliklinik,,
1057,Consultant,18,
1677,Warehouse,,
747,Chief Operating Compliance Officer,4,670
1056,Direktur,18,
1025,House Hold,24,
886,Corporate Community Partnership Support,4,1126
993,Global Funding Department Head,5,1126
1068,Marketing Officer,16,135
1126,Strategic & Global Partnership Division Head,5,689
1129,IT Governance Department Head,6,777
1130,Agrobisnis Monev,2,990
814,Chief Program Officer,15,670
50,Corporate secretary & Compliance,18,
807,Project Management Division Head,10,814
992,Humanitarian Division Head,10,814
1028,Relationship Management,5,
1059,PJs. Operational Department,23,
1128,Admin Procurement,4,771
767,Building Maintenance,4,766
1125,Volunteer Management Department Head,10,992
1132,Area Manager DKI Banten,5,1104
58,RA - RQ Production Division Head,4,
55,Operational Director,4,
976,Priority Customer Director,5,670
737,Corporate Partnership,5,731
977,Priority Manager,5,976
60,Production & Delivery Staff,9,
53,Pjs Branch Head,16,
1693,TTK Pelayanan,,
162,Security,4,
170,Brand Management Head,16,
1959,TTK Pelayanan,,
61,Product Development,7,
1678,Perawat Pelaksana Rawat Inap Dewasa Lt 5,,
1679,Perawat Pelaksana ICU/HCU/PICU,,
1680,Kepala Unit Rehab Medik,,
1681,Manajer SDM & Diklat,,
98,Environment Champion Program Dept Head,15,
1682,Analis Laboratorium,,
1683,Driver Direksi,,
173,Direktur,18,
169,Driver  ,4,
176,House Hold,4,
177,Internal Audit Div Head,13,
1684,Driver Ambulance,,
1685,Kasir,,
1686,Staf Call Center,,
1687,Perawat Pelaksana Instalasi Gawat Darurat,,
192,Sustainability Director,18,
1688,TTK Pelayanan,,
1689,Perawat Pelaksana Instalasi Gawat Darurat,,
1694,Kerohanian,,
194,Direktur Gaya Property Sarana,18,
196,Komisaris PT Gaya Property Sarana,18,
198,Operasional,4,
1690,Pramusaji,,
1691,Terapis Wicara,,
364,Kepala Sekolah,14,386
1692,TTK Pelayanan,,
370,PIC Scholarship Management Cabang,10,381
371,PJS Kepala Sekolah,14,365
377,Project Coordinator,10,381
382,Scholarship & Project Management Admin,10,381
1695,Koord. Duty Manager,,
949,System Developer,6,
950,System Development School,7,
1696,Perekam Medis,,
1697,Bidan Pelaksana Poliklinik,,
231,Finance Department Head,13,
1698,Kepala Daycare,,
238,Content Writer Dept Head,16,
660,Photografer,9,246
248,Research & Brand Strategic Dept Head,16,
245,Videografer,9,246
567,CEO Office,18,
566,Call Center,17,
733,Chanelling Management Leader,5,1126
824,Ketua Dewan Pembina,2,
1699,Terapis Gigi & Mulut,,
985,Program Empowerment Division Head,15,786
823,Dewan Pengawas Syariah,2,
1700,Perawat Pj Shift ICU/HCU/PICU,,
104,Internal Audit,13,95
799,Program Distribution Division Head,10,786
982,Program Executor Management Department Head,10,799
1701,Staf Laundry,,
1702,Analis Laboratorium,,
1960,Perekam Medis,,
794,Program Studies & Development,7,791
110,Agro Officer,10,1185
1012,Program Head Area 1,10,982
103,Operational Officer,12,99
341,PIC Rumah Singgah,10,
338,Partnership Division,16,
568,Corporate Secretary,18,
99,Operational & Finance Department Head,23,95
812,Creative Designer Officer,16,695
914,Corporate Partnership Support,5,1126
927,Program Implementation Department,10,
754,Finance Data Control,13,752
702,Customer Relations Division Head,17,689
1703,Perawat Pj Shift Rawat Inap Nifas,,
1704,Coder Casemix Rawat Inap,,
171,Chief Executive Officer,18,
247,Operational Manager,23,
1705,Perawat Pelaksana Rawat Inap Anak Lt 6,,
569,Customer Relation Coordinator,17,
570,Digital Marketing,16,
571,Direktur Bisnis,16,
572,Direktur Operasional,4,
575,Driver Ambulance,4,
576,Duty Manager,18,
579,"Ka. Div Administrasi Umum, Logistik dan Legal",4,
639,Staf Call Center,17,
642,Staf Humas,16,
645,Staf Laundry,9,
646,Staf Logistik & Legal,19,
647,Staf Marketing Internal,16,
648,Staf SDM,12,
650,Wadir Marketing & Customer Relation,16,
651,Wadir Pelayanan,17,
676,Business Development Division Head,7,670
724,Country Manager,5,
735,Crowdfunding Partnership Department Head,5,731
893,Data Engineer,6,888
721,Digital Fundraising & Global Relation Division,16,689
890,Digital Strategic & Innovation Division Head,7,939
1000,Disaster Risk Reduction,10,994
748,Finance & Accounting Division Head,13,747
755,Finance Data Control Leader,13,752
1030,Humanitarian Support Management Department Head,10,992
1001,Data and Media Centre,4,1030
1706,Perawat Pelaksana Instalasi Gawat Darurat,,
1707,TTK Pelayanan,,
891,Digital Innovation Department Head,7,890
1049,Corporate Relationship Manager,16,976
990,Economic & Food Program Department Head,15,985
1708,Perawat Pj Shift Perinatologi/NICU,,
161,Operasional,23,
1709,Bidan Pelaksana Poliklinik,,
1710,Perawat PJ Shift IBS,,
695,Design & Multimedia Department Head,16,690
999,Humanitarian Global Department Head,16,992
700,SEO Specialist,16,699
1711,Analis Laboratorium,,
389,Tata Usaha & Finance,13,365
973,Internal Digital Platform Department Head,5,689
1024,Content & Campaign Broadcasting,16,695
696,Creative Design Report,10,811
821,Customer Service Point,17,743
818,Customer Voice Officer,17,708
719,Database & Information Fundraising,4,718
344,Project Monev,10,
822,Data Analyst & Management,7,1401
734,Chanelling Support,4,733
991,Economic & Food Monev,15,990
912,Distribution Fund Admin,13,783
777,IT Management Division Head,6,747
1016,Program Activation,16,
1050,Corporate Project Manager,10,976
1023,Digital Customer Care Agent,17,708
829,PIC Bea Cukai,4,738
573,Direktur Rumah Sakit,18,
1719,Perawat Pelaksana Instalasi Gawat Darurat,,
715,Customer Database Validation,17,711
1176,Homeroom Teacher Primary,3,386
1038,Islamic Relief Project Coordinator,10,
731,Jakarta Strategic Division Head,5,689
1074,HR & GA Dept Head,22,1072
75,Business Director,18,
11,Operasional,4,6
1172,PJ Danru,4,1066
1720,Kepala Ruangan Rawat Inap Dewasa lt.5,,
5,HR Operation Manager ,12,863
6,Director,12,6
1721,Asisten TTK,,
1722,Inventory Officer,,
878,Head of Investment,7,
1167,Knowledge Management,12,9
1723,TTK Pelayanan,,
1724,Perawat Pelaksana IBS,,
293,Software Enginner,6,
672,System Development Management,7,1014
1066,Security,4,1065
376,Data Digital Admin,4,381
670,Chief Executive Officer,18,823
22,HR & Finance ,23,22
1179,Teacher,3,1443
1169,Danru,4,1066
1171,Supervisor,4,1067
1163,Program Management,10,1017
1170,Leader CS,4,1067
1183,Poduksi Printing,9,159
1725,Staf Hutang,,
360,Guru Wali Kelas,14,365
1726,Perekam Medis,,
1177,Teacher 1,3,1443
1712,Perawat Pelaksana Rawat Inap Anak Lt 6,,
1713,Inventory Officer,,
1876,Kepala Ruangan Rawat Inap Anak lt.6,,
1714,Kasir,,
1715,Staf Keuangan,,
1716,Terapis Wicara,,
1727,Staf Admission,,
1728,Kepala Unit Laboratorium,,
1717,PMO (Patien Management Officer) M&C,,
1182,PIC DKM AHM,10,810
1718,Perawat Pelaksana,,
1729,Perawat Pelaksana IBS,,
1730,Perawat Pelaksana ICU/HCU/PICU,,
1731,TTK Pelayanan,,
1732,Perawat Pelaksana Rawat Inap Dewasa Lt 5,,
1733,Driver Direksi,,
1877,Staf Laundry,,
989,Health Program Monev,15,988
987,Education Monev,15,986
684,Protocol Department Head,18,1103
974,Campaign Management,16,1397
1042,HR & Finance & Operasional Officer,23,
960,Fullstack Developer,6,
918,Database Admin,13,783
29,Branch Head,16,
1181,PIC Bank Indonesia,10,743
763,Personel Service,12,761
1137,Office Boy (OB),2,1137
34,Graphic Designer,16,
1191,Guru Qiroati,14,1087
1734,Kasir,,
1190,Guru TTQ,14,1087
43,Operational Division Head,2,
1207,Manajer Pengadaan & Manajemen Aset,,
178,Online Fundrising and Public Relation,5,
1189,Guru Pendamping,14,1087
1735,Bidan PJ Shift Kamar Bersalin,,
1736,Petugas CSSD,,
1188,Pustakawan / Operator / TU,4,1087
1185,Sustainable & Social Enterprise Division Head,10,95
42,Pjs. Finance and accounting Departement Head,13,
1192,Staf Hutang,,
936,Content Creator,16,39
1194,Dokter IGD,,
1195,Pembina Rohani RS,,
1197,Ka. Unit Gizi,,
1198,Driver Ambulance,,
1199,IPCN,,
1200,Staf Laundry,,
1201,Ka. Ruangan Instalasi Bedah Sentral & CSSD,,
1202,Duty Manager,,
1203,Staf SDM,,
1205,Perawat IGD,,
1206,Perawat Hemodialisis,,
1208,Office Man,,
1209,Manajer Keperawatan,,
1210,Bidan Kamar Bersalin,,
1211,Direktur RS,,
1212,Pramusaji,,
1213,Staf IPSRS,,
1214,Kepala Unit Hemodialisis,,
1215,Manajer Penunjang Medis,,
1216,Koordinator Relasi Pelanggan,,
1217,Ka. Ruangan Irna Nifas,,
1218,Bidan Irna Nifas,,
1219,Perawat Irna Umum lt 5,,
1220,Ka. Ruangan IGD,,
1221,Apoteker Penanggung Jawab Pasien,,
1222,Ka. Instalasi Farmasi,,
1223,Perawat Irna Anak lt 6,,
1224,Perawat ICU,,
1225,Perawat Instalasi Bedah Sentral,,
1226,SPI,,
1227,Manajer Umum,,
1228,Tenaga Teknis Kefarmasian,,
1229,Ka. Ruangan Perinatologi,,
1230,Staf Marketing Internal,,
1231,Ka. Ruangan Kamar Bersalin,,
1232,Ka. Unit Rehab Medik,,
1233,Ka. Unit Laundry,,
1234,Komisaris Utama,,
1235,Staf Gudang,,
1236,Kasir,,
1237,Petugas Terapi Wicara,,
1238,MPP &  Duty Manager,,
1239,Analis Laboratorium,,
1240,Perawat Perinatologi,,
1241,Staf Keuangan,,
1242,PMO Mother and Children,,
1243,Staf Billing dan Piutang,,
1244,Staf IT,6,
39,Digital Marketing Dept Head,16,
1204,Chief Medical Services Officer KKS,,
1193,Front Office,,
1196,Koki,,
1186,Chief Business And Development Officer,7,
51,Operational Officer,4,
1737,Perawat Pelaksana IBS,,
1738,Perawat Pelaksana Poliklinik,,
1739,Staf Billing,,
1740,Staf Admission,,
1741,Fisioterapis,,
1742,Kasir,,
1743,Coder Casemix Rawat Inap,,
1744,Admin Rekam Medis,,
1245,Ka. Unit Laboratorium,,
1246,Staf Billing,,
1247,Admin Rekam Medis,,
1745,Staf Call Center,,
1249,Ka. Ruangan ICU,,
1251,Supervisor Akuntansi,,
1252,Petugas Radiografer,,
1253,Petugas Fisioterapi,,
1254,Ahli Gizi,,
1255,Ka. Koord Mother And Children,,
1256,Bidan Mother And Children,,
1257,Ka. Koord Poliklinik Eksekutif,,
1258,Ka. Unit Radiografer,,
1259,Ka. Ruangan Umum Lt 5,,
1260,Ka. Ruangan Irna Anak Lt 6,,
1262,Staf Humas,,
1263,Petugas CSSD,,
1264,Clinical Instructure,,
1261,Direktur Utama DDK,,
1266,Kepala Kasir,,
1267,Staf Rekrutmen & Diklat,,
1268,Koord. Terapis Gigi dan Mulut,,
1269,Perawat Anastesi,,
1270,Koordinator Center Of Excellence,,
1271,Perawat Irna Nifas,,
1273,Perekam Medis,,
1274,Driver Direksi,,
1250,Chief Financial Officer KKS,,
1276,Admin Laboratorium,,
1277,Inventory Officer,,
1278,Ka. Divisi Relasi Korporasi,,
1279,Konsultan Alat Medis,,
1280,Koord. Kesekretariatan & Legal,,
1309,Manajer SDM & Diklat,,
1285,Kepala IGD,,
1286,Asisten Perawat Lt 5,,
1287,Ka. Unit Rekam Medis,,
1288,Perawat Center Of Excellence,,
1289,Terapis Gigi dan Mulut,,
1291,Admin Radiologi,,
1292,Ka. Divisi Marketing PT,,
1293,PMO Poliklinik Eksekutif,,
1294,Petugas Valet Parking,,
1308,Wakil Pelayanan,,
1296,Perawat Mother and Children,,
1297,Staf Kesekretariatan,,
1298,Asisten Tenaga Teknis Kefarmasian,,
1299,Staf Kesling,,
1300,Perawat Nifas,,
1301,Ka. Divisi JKN,,
1302,Kepala Daycare,,
1303,Co-Teach Daycare,,
1304,Penata Anastesi,,
1305,Staf Admin dan Logistik,,
1306,Perawat JKN,,
1307,Bidan Poli Mother and Children,,
1310,Asisten Perawat Lt 6,,
1311,Staf Casemix,,
1312,Koord. Kesling,,
1313,Mutu RS,,
1314,Ka. Divisi Marketing Eksternal & Promkes,,
1315,Manajer Marketing & Manajemen Pelanggan,,
1316,Staf Rekam Medis,,
1317,Koki Gizi,,
1318,Perawat Poli Center Of Excellence,,
1319,Perawat Poli Eksekutif,,
1320,Perawat Umum Irna Lt 6,,
1321,Promosi Kesehatan,,
1322,Household Daycare,,
1323,Perawat Umum Irna Lt 5,,
1324,Perawat Poli JKN,,
1325,Terapis Gigi & Mulut,,
1326,Driver Operasional,,
1282,Koord IT,6,
1284,IT Support System KKS,6,
1283,Manajer Keuangan,,
1290,Barista,,
1272,Perawat Poliklinik Eksekutif,,
1746,Perawat Pelaksana Rawat Inap Dewasa Lt 5,,
1747,TTK Logistik,,
1750,Perawat Pelaksana Instalasi Gawat Darurat,,
1363,Digital Marcom Div Head,16,
1328,Project Manager & Procurement,9,666
1329,Budget Control & Report,25,127
1281,Ka. Divisi IT,6,
1346,Bendahara Koperasi Kembang,4,95
1751,Staf Call Center,,
386,School Management Division Head,15,
1360,Tender & Report,9,
1083,Marketing Communication Officer,6,1072
1002,Finance Of Program,13,743
1332,Content Writer,16,695
1752,Staf Keuangan,,
1248,Manajer IT,6,
1753,Perawat Pelaksana Rawat Inap Anak Lt 6,,
1335,IT &  Admin,6,374
1754,Koordinator Kesekretariatan dan Legal,,
1348,Admin RM dan PI,5,188
1755,Perawat Pelaksana,,
1756,Perawat Pj Shift Poliklinik,,
1338,Rekam Medik & Front Office,26,
1339,Rekam Medik & Front Office,26,
1340,Rekam Medik & Front Office,26,
1352,PIC PKBM,10,1073
1757,Perawat Pelaksana Rawat Inap Anak Lt 6,,
1341,Produksi Konveksi,9,159
1374,Virtual Office Medan,16,1187
1758,Kepala Ruangan Unit Perawatan Intensif (ICU/HCU/PICU),,
1759,Staf Keuangan,,
1760,TTK Pelayanan,,
1377,Virtual Office Yogyakarta,16,1187
1343,Freelance Household,4,1187
783,Program & Project Budget Control Department Head,13,786
1345,Staff RS,26,
1761,Perawat Pelaksana IBS,,
1748,Perawat Pelaksana IBS,,
1749,Staf Laundry,,
1762,Perawat PJ Shift Rawat Inap Anak Lt 6,,
1763,TTK Pelayanan,,
1351,content profile,10,1175
1764,Perawat PJ Shift Rawat Inap Anak Lt 6,,
1765,Perawat Pelaksana Rawat Inap Anak Lt 6,,
1766,Perawat Pelaksana Poliklinik,,
1353,Staf Admin Produksi,9,
1354,Customer Service,16,142
1356,corporate social responsibility Specialist,11,902
1767,Perawat Pelaksana Rawat Inap Dewasa Lt 5,,
1768,TTK Pelayanan,,
1364,Public Policy Analyst,7,
1358,Project Implementator,15,263
1372,Fundraising Development Department Head,7,1371
1367,Event & Sponsorship,9,
1359,Environment Monev,10,988
132,Operational and Marketing manager ,16,
1365,Brand Specialist,16,
1327,Finance Dept. Head Infrastructure,13,127
1355,Admin Program,15,1175
1366,Creative Designer,9,
680,Data and Information Management Department Head,7,676
1331,Business Analyst,7,677
1373,Fundraising Analyst,7,1372
1378,Virtual Office Jayapura,16,1187
1379,PIC Medco,10,983
1376,Virtual Office Jakarta,16,1187
726,Ziswaf Online Consultant 1,5,725
1381,Perawat,4,165
1407,DRR Officer,10,994
1429,Partnership Support Officer,5,902
1382,Admin CRM,4,
1409,Learning & Development Department Head,22,953
1389,Ambulance Management,10,316
1410,Data Governance,6,1129
1384,OB & Security,4,1337
1412,Product Manager,6,888
1418,Virtual Office Pontianak,16,1187
1415,Virtual Office Aceh,16,1187
708,Customer Experience Department Head,17,702
1385,Terapis Gigi dan Mulut,4,1046
1386,Learning & Development Department Head,12,953
1424,Sales & Markting,16,214
1375,Virtual Office Bandung,16,746
1411,IT Risk & Audit Governance,6,1129
1416,Virtual Office Batam,16,1187
1399,Marketing Strategy Development Department Head,7,1371
1773,Bidan Pelaksana Poliklinik,,
1393,General Support,4,337
1421,Non Formal Education & Learning Head,14,1072
1774,Pramusaji,,
1420,Strategic Innovation,7,939
1403,Corporate Partnership Division Head,5,689
1406,Enviro Program Monev,15,988
1408,Humanitarian Global Officer,10,999
1347,Stakeholder Department Head,18,1103
1388,Konveksi & CG Dept Head,9,1341
1769,Staf Humas & Marketing Eksternal,,
1404,Capacity Building Division Head,10,814
1401,Marketing Data Analyst System Department Head,7,1371
1011,Marketing Data Governance & Optimization,7,1401
1398,Ads Management,16,1397
1402,Area Manager Indonesia Timur,5,739
1371,Marketing Development & Analyst Division Head,7,689
1400,Marketing Researcher,7,1399
1425,Sales & Marketing,16,214
1770,Analis Laboratorium,,
1423,Monev PKBM & Impelementator CTC,14,1421
1413,IT Full Stack,6,887
1391,Program Division Head,18,320
703,Customer Care Department Head,17,702
1771,Perawat Pelaksana,,
1392,HR & BC,25,337
1772,TTK Pelayanan,,
1775,Koord. Terapis Gigi & Mulut,,
1147,Stakeholder Relation Department Head,18,1103
1417,Virtual Office Bekasi,16,743
1387,Therapist,26,317
1396,Digital Optimation Department Head,16,1395
1776,Perawat Pj Shift Perinatologi/NICU,,
1777,TTK Pelayanan,,
1778,Perawat Hemodialisis,,
1779,Terapis Gigi & Mulut,,
1005,Driver Ambulance,4,983
1780,Terapis Gigi & Mulut,,
1397,Ads Management Department Head,16,721
1781,Perawat Pelaksana ICU/HCU/PICU,,
1414,Internal Audit Department Head,18,670
1405,Capacity Building Monev,10,1404
1432,System Development,4,95
1419,Virtual Office Surabaya,16,1187
1013,Surveyor & Vendor Management,4,969
1783,TTK Pelayanan,,
1448,Head of Marketing,16,
1467,Staf Cafetaria,24,
981,Scholarship Monev,10,980
1457,Energy Finance & Ops Manager,25,
1433,Creative Designer,16,
385,School Monitoring & Evaluation,10,386
1434,Brand Specialist,16,
1784,Driver Direksi,,
1785,Staf IPSRS ADM & Listrik,,
347,Safety and Comfort,4,
1459,Guru Pendamping,14,
1439,School Admin,14,386
1444,Chief Academic Officer,18,
1447,HR & Digital Marketing,23,
1435,Public Policy Analyst,16,
1427,Digital Fundraishing Management,16,1426
1471,Arsitek,9,
1458,Customer Experience Support - Freelance,17,708
1022,Finance & Accounting,13,
1275,Kepala Cafe,,
1786,Staf Admission,,
1265,Staf Cafetaria,,
1295,Waiters & Kasir,,
1460,Human Resource,12,
1464,Customer Loyalty Support - Freelance,17,711
1787,Supervisor Akuntansi,,
1451,Head Of Technical Engineer,9,
1438,Social Media Officer,16,314
1468,Head Chef,24,
1462,Operator Sekolah,14,
337,Operational Department,13,
157,Marketing,5,
1450,Operational Director,18,
314,Marketing & Partnership Dept Head,11,320
1442,Chief Operating Officer,25,374
1466,Waiters & Kasir,24,1470
1469,Cook,24,
1436,Project Manager,9,
1470,Kepala Cafe,24,
1461,Staff Tata Usaha,14,
1463,Social Media Specialist,14,
1453,Parking & Media Dept. Head,4,
1788,Perekam Medis,,
1452,Land & Business Dev,4,
1440,Consultant,13,374
317,Clinic Manager,18,316
1789,Staf Call Center,,
892,Web Developer,6,888
1782,Perawat Pelaksana ICU/HCU/PICU,,
1449,Business Director,18,
1790,Radiografer,,
1456,Infra Finance Manager,25,
1791,Radiografer,,
1455,Finance & AR Coor Manager,25,
1430,Web Optimation Officer,16,1428
1445,Sales & Partnership,16,
1437,Designer & Content Creator,16,314
1792,Fisioterapis,,
1446,Project Coor,16,
1793,Koki Gizi,,
1794,Bidan Pelaksana Ruang Nifas,,
1795,Clinical Instructure,,
1796,Ahli Gizi Klinis,,
1797,Staf Call Center,,
1798,Perawat Pelaksana Poliklinik,,
1799,Perawat Pelaksana Instalasi Gawat Darurat,,
1454,Arsitek,9,
1824,Pramusaji,,
1825,Perawat Pelaksana Rawat Inap Dewasa Lt 5,,
1826,Coder Casemix Rawat Jalan,,
33,Cooker,4,
1827,Apoteker Penanggung Jawab Pasien,,
1828,Apoteker Penanggung Jawab Pasien,,
1476,Admin & Control Project,9,
1829,Apoteker Penanggung Jawab Pasien,,
1478,Logistic,9,
1830,Ka. Divisi JKN,,
1831,Dokter Spesialis Anastesi,,
1832,Dokter Spesialis Bedah,,
47,HRGA Departement Head,22,
1833,Dokter Spesialis Anak,,
1473,Finance Officer,25,
1834,Dokter Spesialis Bedah Anak,,
155,Direktur,18,
1878,Analis Laboratorium,,
1835,Dokter Spesialis THT-KL,,
1472,Operational Management,25,161
1800,Kasir,,
1801,Staf Admission,,
1802,Driver Direksi,,
1803,Ka. Koord. Poliklinik M&C,,
1804,Bidan PJ Shift Ruangan Poliklinik,,
1805,Perawat Pelaksana Poliklinik,,
1806,Perawat Pelaksana Rawat Inap Anak Lt 6,,
1807,Coordinator of Center Of Excellence,,
1808,Staf Admission,,
1809,Ka. Divisi Relasi Korporasi,,
1810,Perawat Pelaksana,,
1811,Radiografer,,
1812,Koord. BPJS,,
1813,Perawat Pelaksana Rawat Inap Anak Lt 6,,
1814,Perawat Pj Shift Rawat Inap Dewasa lt 5,,
1815,Perawat PJ Shift IBS,,
1816,Kepala Unit Radiologi,,
1817,Staf Admission,,
1818,Staf IT Infrastruktur,,
1836,Dokter Spesialis Penyakit Dalam,,
1819,Perawat Pelaksana,,
1820,Perawat Hemodialisis,,
1475,Finance & AR Coord. Manager,25,
1477,CEO,18,
1837,Dokter Spesialis Mata,,
1821,Ka. Koord Poliklinik Executive,,
1822,Perawat Pj Shift Perinatologi/NICU,,
1838,Dokter Spesialis Kulit dan Kelamin,,
26,Finance&HR,13,
24,Financial Analyst Dept. Head,13,
145,Konsultan,4,
70,Komisaris,18,
87,Budget Control,13,
88,Budget Control Project,13,
101,Health Champion Program Dept Head,15,
106,Operational Department Head,4,
107,Program Champion Division Head,15,
84,Tax Deptement Head,13,
167,RMFO,,
78,Accounting Devision Head,13,
137,Supervisor & Business Development,7,
57,Branch Coordinator,16,
1823,Perawat Pelaksana Rawat Inap Anak Lt 6,,
1839,Dokter Spesialis THT-KL,,
1840,Kepala Divisi Mutu,,
1841,Dokter Gigi Umum,,
1842,Dokter Spesialis Kedokteran Gigi Anak,,
1390,Driver Ambulan,15,316
1879,Staf Laundry,,
1880,Perawat Pelaksana,,
1881,TTK Pelayanan,,
2131,Koord. BPJS,,
776,Security,4,766
810,Project Monev,10,809
134,Programmer,6,
138,Technician & Adm Projec,10,
272,Freelance House Hold,4,
268,Report Design & Documentation,9,
82,Konsultan,18,
267,Customer Care,17,
135,Project Manager,10,
266,Chief Executive Officer Sharing Happiness,18,
362,HR & GA,12,367
295,System Integrator,6,
118,Account Manager,16,
128,HR,23,
147,Marketing online Officer,5,147
265,Cash & Bank,23,
262,Humanitarian Respon Officer,10,
241,Direktur,18,
243,Grafic Designer Dept Head,16,
309,Ambulance Department ,4,
352,Accounting and Cash & Bank,4,355
276,Product Dept. Head,9,
1135,Non Staff,2,
282,Direktur,6,
294,System Analyst,6,
701,Social Media Specialist,16,699
316,Clinic Department,18,
324,Dokter Spesialis,26,316
112,Project Monev,10,
321,Dokter Penangggung Jawab Operasional,26,
254,Direktur,18,
351,Assistant Coordinator Project,10,377
291,Product Implementer,6,
705,Inbound Agent,17,
707,Outbound Agent,17,
1152,Finance Supervisor,13,355
929,Business Analyst,7,
378,Research,7,374
68,Supervisor Lapangan,9,
930,Videographer,9,
1153,Finance Officer,13,
284,Helpdesk Analyst,6,
166,Bidan,,
164,Apoteker,2,
311,Apoteker,26,
340,Perawat,26,
346,Rekam Medik & Front Office,3,346
931,Telemarketing,16,
219,HR & Finance Operational,23,
329,Finance of Branch,13,
353,Brand Relation,5,374
41,Farm Manager,4,
183,Program Implementation,10,
312,Asisten Apoteker,26,
156,Ekspedisi,4,
46,House Hold,4,
163,Marketing,16,163
357,Guru Wali Kelas,14,364
1154,Operasional Manager,23,254
1,Direktur Utama,18,
361,Cleaning Service,4,356
1159,Content Creator,2,142
215,MCR,9,204
1087,Kepala Sekolah,14,1073
1088,Wakil kepala Sekolah,14,1087
264,Campaign Specialist,16,
313,Bidan,26,
83,Operational Officer,23,
54,CRM & Marketing Support,16,
668,Admin Support,4,
278,Application Dev,6,
359,Guru Wali Asrama,14,365
856,GM RZ Action,10,
251,Multimedia Officer,9,
876,Business Analyst,7,
1102,Funding Departement,11,908
1098,Analis teknologi laboratorium medik,26,317
288,Mobile Developer,6,
1095,Online and Marketing Manager,16,254
31,Cash & bank,13,
159,Produksi,9,159
854,Campagn Collaborator,16,
865,IT Security,6,
889,Drafter,9,
866,Zains Squad,6,
3,Head of People Talent Management,12,6
250,Humanitarian Respon Admin Officer,4,
899,PIC Project,10,
289,Infrastructure Engineer,6,
901,Program Recovery Officer,10,
1021,HC & Aset Management,12,
879,Risk Management,7,
333,Healthcare Fundraising,11,
142,Digital Marketing,5,
903,Disaster Risk Reduction Manager,10,
652,Multimedia Expert,9,204
16,Licence and Certification Officer ,19,
904,Disaster Risk Reduction Officer,10,
906,Waqf & Customize Program Officer,15,
875,Head of Portofolio Operation,7,
255,Volunteer Management Dept. Head,10,
7,Talent Acquistion,12,3
81,Internal Audit ,13,
236,Brand Strategic,16,248
336,Marketing Support,11,
334,Household,4,
880,Finance HR GA,23,880
1100,Asisten Apoteker,2,1046
260,Operasional Suport,4,1154
9,People Development Manager,12,3
349,System Development & Internal Audit,18,
76,Operational Manager,13,
853,Marketing Dept. Head,16,
857,Partnership,11,
963,Customer Data Transaction,17,
957,Housekeeping,4,
299,Content Creative,5,
1164,Project Management,10,1017
835,Program Dept Head,10,
283,Front End developer,6,
374,Chief Executive Officer,18,
845,Cleaning Service,4,
20,Litigasi and Non Litigasi ,19,
28,Accounting,13,
669,House Hold,4,
902,Partnership Manager,11,253
775,Household,4,767
388,School Management Dept Head,15,
249,Markom Strategic,16,248
861,Marketing Communication,16,
358,Guru Bidang Studi,14,365
281,Data scientist ,6,
868,Budget Control,13,
1092,Tata Usaha & Finance,13,1087
17,Direktur,18,
270,Finance and Operational Dept Head,23,
286,IT Service,6,
962,Campaign Specialist,5,902
967,Digital Marketing & Web Admin,16,
938,IT Dept Head,6,
256,Volunteer Management Officer,10,
965,Admin Program,4,
126,Driver,4,
38,Delivery Staff,4,
1019,SPI & Akreditasi,4,
1018,Data & Business Analys,7,
1031,Quality Control,18,
1110,Networking Management Division,10,95
44,"Distribution, Logistic, & QC Dept Head",4,
979,Pemberdayaan Ekonomi Officer,10,1112
883,Direktur,7,
1055,General Affair,4,
1064,CRM and Sosmed Activator,17,902
1062,Bussines Analyst,7,320
279,Back End Developer,6,281
1063,Content Creative Officer,16,1426
342,Project Coordinator,10,
343,Project Department,10,
345,Public Health Admin,4,
96,Economic Champion Program Dept Head,15,
114,Report Admin,4,
117,Training & Development Management Department,12,
179,PIC Program TBG Malang ,10,
180,PIC Program TBG Solo,10,
862,Program Implementator Crowdfunding,10,
181,Program dan Report,10,
193,Sustainability Impact,15,
185,program value creation,7,
195,Developer ,9,
363,Islamic Relief Project Coordinator ,10,381
369,PIC Rumah Tangga dan Bisnis,10,365
381,Scholarship & Project Management Departement,10,374
390,Tutor,14,377
49,Marketing Director,16,
40,President Director,16,
839,Guru Wali Kelas,14,
136,"Quantity Surveyor, Quality Control Project",10,
966,Quality Assurance,18,
964,Monev & Report,10,
1007,Partnership & Medical Service,4,
1094,Business & Product Development,7,320
1174,Finance & Operasional Manager,21,302
1168,Advertiser Officer,2,1095
685,Executive Secretary,18,684
954,Operasional,23,
1034,General Admin,4,
45,HRGA Officer,12,
1111,Facilitator Dept Head,10,1110
956,Marketing,16,
955,Program,15,
18,Licence and Certification Head ,19,
909,Sosmed & Network Activation,5,
19,Legal Drafting ,19,
951,Finance Department Head,13,
21,Database Officer,19,
186,Program Development ,7,
1046,Clinic Manager,4,
774,Driver,4,766
290,Operasional Management,23,
259,Operasional Officer,4,1154
129,Household,4,
1139,Dokter Umum,2,
292,Product Services,6,
711,Customer Loyalty Department Head,17,702
280,Chief Technology Officer,6,
285,IT Operasional Dev,6,
863,VP of Organizational Culture,12,6
1175,Program Manager,10,254
1184,Marketing Department Head,16,1110
287,IT Stratejik,6,
1336,Head of Operational & QC,4,869
900,Customer Relationship Management,17,1095
62,Production Director,4,
160,Security,4,
131,Operational,23,131
1350,Teknisi,9,
1357,Estimator dan Controll Project,9,
1113,Training  &  P4S Officer,10,1112
1369,Direktur Marketing,16,155
1383,Perawat,4,165
1480,Business Development Assistant,7,1094
318,Clinic Support,4,316
1162,Content Creator Officer,16,314
1394,Clinic Internal System Control & Accreditation,10,1391
1426,Senior Manager Marketing,16,254
1090,Guru Bidang Studi,14,1087
1422,Non Formal Education Officer,14,1421
1112,Economic Empowerment Departement,10,1185
699,SEO & Socmed Strategist Department Head,16,690
1103,Corporate Secretary Division Head,18,670
1003,Program Implementator,10,983
35,Customer Service & Operational Officer,4,
1428,Branding Management,16,1426
1370,Billing & Collection,25,
1330,Office Boy,24,1135
1349,Security,24,
1843,Pramusaji,9,
1337,GAAM,4,869
860,ULZ Department Head,5,702
1844,Kasir,13,
983,Program Leader,10,1187
1334,School Psychologist and Learning Support Unit,7,
1165,HR Generalist,2,5
1845,Claim,,
1465,Barista,24,
1846,Radiografer,,
830,PIC MTUA Rekayasa Industri,4,915
1361,General Manager,18,
1380,funding support,5,1095
1486,Subject Teacher,14,
158,Marketing Online ,16,
1180,Executive Producer,9,218
1847,Marketing Eksternal & Customer Relation Coordinator,,
1848,Perawat Pelaksana Instalasi Gawat Darurat,,
1849,Perawat Pelaksana Rawat Inap Dewasa Lt 5,,
1850,Perawat Pelaksana Rawat Inap Dewasa Lt 5,,
1851,Dokter Jaga  IGD dan Ruangan,,
1852,Staf Admission,,
1853,Perawat Pelaksana Instalasi Gawat Darurat,,
1854,Koki Gizi,,
1855,Perawat Pelaksana Rawat Inap Dewasa Lt 5,,
1856,Staf Laundry,,
1857,Bidan Pelaksana Ruang Nifas,,
1858,Perawat Pelaksana Rawat Inap Anak Lt 6,,
1859,Perawat Pelaksana Instalasi Gawat Darurat,,
1860,Driver Direksi,,
1861,Perawat Pelaksana Rawat Inap Dewasa Lt 5,,
1882,Ka. Ruangan Instalasi Bedah Sentral & CSSD,,
1883,Duty Manager,,
1887,Terapis Gigi & Mulut,,
1888,Staf SDM,,
1889,Perekam Medis,,
1890,Staf Rekrutmen & Diklat,,
1891,TTK Pelayanan,,
1892,Perawat Pelaksana Poliklinik,,
1893,Perawat Pelaksana Rawat Inap Dewasa Lt 5,,
1894,Driver Ambulance,,
1895,Perawat Hemodialisis,,
1896,Driver Ambulance,,
1897,Perawat Pelaksana IBS,,
1898,Perawat Hemodialisis,,
1899,Manajer Pengadaan & Manajemen Aset,,
1900,Driver  Operational,,
1901,Office Man & Gardener,,
1902,Marketing Dept. Head PT,,
1903,Konsultan Alat Medis,,
1904,Staff IPSRS Ass Kesling,,
1905,Marketing Div. Head,,
1906,Perawat Pelaksana Instalasi Gawat Darurat,,
1907,Kasir,,
1908,Bidan Pelaksana Kamar Bersalin,,
1909,Perawat Pelaksana Instalasi Gawat Darurat,,
1910,TTK Pelayanan,,
1911,Perawat Pelaksana Rawat Inap Nifas,,
1912,Perawat Pelaksana Rawat Inap Dewasa Lt 5,,
1913,Perawat Pelaksana Rawat Inap Nifas,,
1914,Perawat Pelaksana Perinatologi/NICU,,
1915,Bidan Pelaksana Poliklinik,,
1916,Apoteker Penanggung Jawab Pasien,,
1917,Petugas CSSD,,
1918,Nursing Dept. Head,,
1919,Bidan PJ Shift Kamar Bersalin,,
1920,Terapis Gigi & Mulut,,
1921,Radiografer,,
1922,Analis Laboratorium,,
1923,Staf Admission,,
1924,Dokter Spesialis Mata,,
1925,Pembina Rohani RS,,
1926,House Hold-Daycare,,
1927,Driver  Operational,,
1928,Staff IPSRS PJ SIPIL,,
1929,Perawat Pelaksana Rawat Inap Anak Lt 6,,
1930,Staf Call Center,,
1931,Bidan Pelaksana Ruang Nifas,,
1932,Perawat Pelaksana Rawat Inap Nifas,,
1933,Perawat Pelaksana Instalasi Gawat Darurat,,
1934,Pramusaji,,
1935,PMO (Patien Management Officer) Eksekutif,,
1936,Staf Laundry,,
1937,Perawat Pelaksana Instalasi Gawat Darurat,,
1938,Staff IPSRS PJ ALKES,,
1939,Staf Laundry,,
1940,Staf Marketing Internal,,
1941,Admin Radiologi,,
1942,Manajer Penunjang Medis,,
1943,Staf Call Center,,
1944,Marketing Eksternal & Customer Relation Coordinator,,
1945,Perawat Pelaksana Rawat Inap Dewasa Lt 5,,
1946,Staf Keuangan,,
1947,Kepala Ruangan Rawat Inap Nifas,,
1948,Perawat Pelaksana Rawat Inap Dewasa Lt 5,,
1949,Perawat Pelaksana Rawat Inap Dewasa Lt 5,,
1950,Analis Laboratorium,,
1951,Bidan PJ Shift Ruangan Nifas,,
1952,Perawat Pj Shift Rawat Inap Dewasa lt 5,,
1953,Koki Gizi,,
1954,Staf IT Support,,
1955,Kepala Ruangan Instalasi Gawat Darurat,,
1956,Staf Keuangan,,
1957,Kepala Instalasi Farmasi,,
1958,Office Man & Gardener,,
1961,Perawat Pj Shift ICU/HCU/PICU,,
1962,Ahli Gizi MSPM,,
1963,Bidan Pelaksana Kamar Bersalin,,
1964,Perawat Pj Shift ICU/HCU/PICU,,
1965,Ka. Divisi IT,,
1966,Pramusaji,,
1967,Duty Manager,,
1968,TTK Pelayanan,,
1969,Radiografer,,
1970,Bidan PJ Shift Ruangan Nifas,,
1971,Admin Laboratorium,,
1972,Perawat PJ Shift IBS,,
1973,Kasir,,
1974,Perawat Pelaksana Poliklinik,,
1975,Fisioterapis,,
1976,Apoteker Penanggung Jawab Pasien,,
1977,Animator,,
1978,Satuan Pengawasan Internal (SPI),,
1979,General Affair Div. Head,,
1980,Perawat Pelaksana Rawat Inap Dewasa Lt 5,,
1981,TTK Pelayanan,,
1982,Kepala Ruangan Unit perawatan perinatologi/NICU,,
1983,Staf Call Center,,
1984,Staf IPSRS ADM & Mekanikal,,
1985,Staf Call Center,,
1986,Pramusaji,,
1987,Perawat PJ Shift Intalasi Gawat Darurat,,
1988,Kasir,,
1989,Staf IPSRS AC & APAR,,
1990,Perawat Pelaksana Rawat Inap Anak Lt 6,,
1991,Perawat Pelaksana IBS,,
1992,Staf Marketing Internal,,
1993,Perawat Pelaksana Poliklinik,,
1994,Bidan PJ Shift Kamar Bersalin,,
1995,Kepala Ruangan Kamar Bersalin,,
1996,Perawat Pelaksana Rawat Inap Nifas,,
1997,Perawat Pelaksana Poliklinik,,
1998,Digital Multimedia Production,,
1999,Bidan PJ Shift Kamar Bersalin,,
2000,Perawat Pelaksana ICU/HCU/PICU,,
2001,Perawat Pelaksana IBS,,
2002,PMO (Patien Management Officer) Eksekutif,,
2003,Kepala Unit Laundry,,
2004,Koki Gizi,,
2005,Staf Call Center,,
2006,Terapis Gigi & Mulut,,
2007,Bidan Pelaksana Poliklinik,,
2008,Warehouse,,
2009,Perawat Pelaksana Rawat Inap Dewasa Lt 5,,
2010,Kepala Unit Rehab Medik,,
2011,Manajer SDM & Diklat,,
2012,Analis Laboratorium,,
2013,Driver Direksi,,
2014,Driver Ambulance,,
2015,Kasir,,
2016,Staf Call Center,,
2017,Perawat Pelaksana Instalasi Gawat Darurat,,
2018,Pramusaji,,
2019,Terapis Wicara,,
2020,TTK Pelayanan,,
2021,TTK Pelayanan,,
2022,Kerohanian,,
2023,Koord. Duty Manager,,
2024,Perekam Medis,,
2025,Bidan Pelaksana Poliklinik,,
2026,Terapis Gigi & Mulut,,
2027,Perawat Pj Shift ICU/HCU/PICU,,
2028,Staf Laundry,,
2029,Analis Laboratorium,,
2030,Perawat Pj Shift Rawat Inap Nifas,,
2031,Perawat Pelaksana Rawat Inap Anak Lt 6,,
2032,Perawat Pelaksana Instalasi Gawat Darurat,,
2033,TTK Pelayanan,,
2034,Perawat Pj Shift Perinatologi/NICU,,
2035,Bidan Pelaksana Poliklinik,,
2036,Perawat PJ Shift IBS,,
2037,Analis Laboratorium,,
2038,Inventory Officer,,
2039,Kasir,,
2040,Staf Keuangan,,
2041,Terapis Wicara,,
2042,PMO (Patien Management Officer) M&C,,
2043,Perawat Pelaksana Instalasi Gawat Darurat,,
2044,Kepala Ruangan Rawat Inap Dewasa lt.5,,
2045,Asisten TTK,,
2046,Inventory Officer,,
2047,TTK Pelayanan,,
2048,Perawat Pelaksana IBS,,
2049,Staf Hutang,,
2050,Perekam Medis,,
2051,Staf Admission,,
2052,Kepala Unit Laboratorium,,
2053,Perawat Pelaksana IBS,,
2054,Perawat Pelaksana ICU/HCU/PICU,,
2055,TTK Pelayanan,,
2056,Perawat Pelaksana Rawat Inap Dewasa Lt 5,,
2057,Driver Direksi,,
2058,Kasir,,
2059,Bidan PJ Shift Kamar Bersalin,,
2060,Petugas CSSD,,
2061,Perawat Pelaksana IBS,,
2062,Perawat Pelaksana Poliklinik,,
2063,Staf Billing,,
2064,Staf Admission,,
2065,Fisioterapis,,
2066,Kasir,,
2067,Coder Casemix Rawat Inap,,
2068,Admin Rekam Medis,,
2069,Perawat Pelaksana Rawat Inap Dewasa Lt 5,,
2070,TTK Logistik,,
2071,Perawat Pelaksana IBS,,
2072,Staf Laundry,,
2073,Perawat Pelaksana Instalasi Gawat Darurat,,
2074,Staf Call Center,,
2075,Staf Keuangan,,
2076,Koordinator Kesekretariatan dan Legal,,
2077,Perawat Pelaksana,,
2078,Perawat Pj Shift Poliklinik,,
2079,Perawat Pelaksana Rawat Inap Anak Lt 6,,
2080,Kepala Ruangan Unit Perawatan Intensif (ICU/HCU/PICU),,
2081,Staf Keuangan,,
2082,TTK Pelayanan,,
2083,Perawat Pelaksana IBS,,
2084,Perawat PJ Shift Rawat Inap Anak Lt 6,,
2085,TTK Pelayanan,,
2086,Perawat PJ Shift Rawat Inap Anak Lt 6,,
2087,Perawat Pelaksana Rawat Inap Anak Lt 6,,
2088,Perawat Pelaksana Rawat Inap Dewasa Lt 5,,
2089,Staf Humas & Marketing Eksternal,,
2090,Analis Laboratorium,,
2091,Perawat Pelaksana,,
2092,TTK Pelayanan,,
2093,Bidan Pelaksana Poliklinik,,
2094,Pramusaji,,
2095,Perawat Pj Shift Perinatologi/NICU,,
2096,TTK Pelayanan,,
2097,Perawat Hemodialisis,,
2098,Terapis Gigi & Mulut,,
2099,Terapis Gigi & Mulut,,
2100,Perawat Pelaksana ICU/HCU/PICU,,
2101,Perawat Pelaksana ICU/HCU/PICU,,
2102,TTK Pelayanan,,
2103,Driver Direksi,,
2104,Staf IPSRS ADM & Listrik,,
2105,Staf Admission,,
2106,Supervisor Akuntansi,,
2107,Perekam Medis,,
2108,Staf Call Center,,
2109,Radiografer,,
2110,Radiografer,,
2111,Fisioterapis,,
2112,Koki Gizi,,
2113,Bidan Pelaksana Ruang Nifas,,
2114,Clinical Instructure,,
2115,Ahli Gizi Klinis,,
2116,Staf Call Center,,
2117,Perawat Pelaksana Poliklinik,,
2118,Perawat Pelaksana Instalasi Gawat Darurat,,
2119,Kasir,,
2120,Staf Admission,,
2121,Driver Direksi,,
2122,Ka. Koord. Poliklinik M&C,,
2123,Bidan PJ Shift Ruangan Poliklinik,,
2124,Perawat Pelaksana Poliklinik,,
2125,Perawat Pelaksana Rawat Inap Anak Lt 6,,
2126,Coordinator of Center Of Excellence,,
2127,Staf Admission,,
2128,Ka. Divisi Relasi Korporasi,,
2129,Perawat Pelaksana,,
2130,Radiografer,,
2132,Perawat Pelaksana Rawat Inap Anak Lt 6,,
2133,Perawat Pj Shift Rawat Inap Dewasa lt 5,,
2134,Perawat PJ Shift IBS,,
2135,Kepala Unit Radiologi,,
2136,Staf IT Infrastruktur,,
2137,Perawat Pelaksana,,
2138,Perawat Hemodialisis,,
2139,Ka. Koord Poliklinik Executive,,
2140,Perawat Pj Shift Perinatologi/NICU,,
2141,Perawat Pelaksana Rawat Inap Anak Lt 6,,
2142,Pramusaji,,
2143,Perawat Pelaksana Rawat Inap Dewasa Lt 5,,
2144,Coder Casemix Rawat Jalan,,
2145,Apoteker Penanggung Jawab Pasien,,
2146,Apoteker Penanggung Jawab Pasien,,
2147,Apoteker Penanggung Jawab Pasien,,
2148,Ka. Divisi JKN,,
2149,Dokter Spesialis Anastesi,,
2150,Dokter Spesialis Bedah,,
2151,Dokter Spesialis Anak,,
2152,Dokter Spesialis Bedah Anak,,
2153,Dokter Spesialis THT-KL,,
2154,Dokter Spesialis Obstetri & Gynekologi,,
2155,Dokter Spesialis Penyakit Dalam,,
2156,Dokter Spesialis Mata,,
2157,Dokter Spesialis Kulit dan Kelamin,,
2158,Dokter Spesialis THT-KL,,
2159,Dokter Gigi Umum,,
2160,Dokter Spesialis Kedokteran Gigi Anak,,
2161,PMO (Patien Management Officer) Eksekutif,,
744,Operation & Service Head,4,743
2162,PMO (Patien Management Officer) Eksekutif,,
2163,PMO (Patien Management Officer) Eksekutif,,
2164,PMO (Patien Management Officer) Eksekutif,,
1443,Kindergarten Principal,7,386
365,Kepala Sekolah,14,386
1178,Homeroom Teacher Kindergarten,14,1443
1395,Digital Fundraising Division Head,16,689
2166,pjs. Clinic Manager,18,316
1150,Training & Development,15,1110
2165,Supervisor,4,1470
745,Ziswaf Consultant,5,743
214,Sales & Marketing,16,214
165,Perawat,2,165
2167,PMO (Patien Management Officer) Eksekutif,,
1067,Cleaning Service,4,1065
77,Accounting,13,78
367,Operational Department Head,23,
1187,Representative Manager,5,896
1344,Household,4,83
2168,Social Enterpreneurship Div Head,18,320
827,Operation & Service Head,4,1187
2169,Sosial Media Specialist,16,
2170,Environment Program Department Head,10,985
2171,Enviro Program Monev,15,2170
